Id,Nom,Prenom,Email,Etat
1,Français,Mais,Mais@gmail.com,Actif
2,Français,Ou,Ou@gmail.com,Actif
3,Français,Et,Et@gmail.com,Inactif
4,Français,Donc,Donc@gmail.com,Actif
5,Français,Or,Or@gmail.com,Actif
6,Français,Ni,Ni@gmail.com,Inactif
7,Français,Car,Car@gmail.com,Actif
8,Cailloux,Jean,Cailloux.Jean@gmail.com,Actif
9,Cailloux,Pierre,Cailloux.Pierre@gmail.com,Actif
10,Cailloux,Richard,Cailloux.Richard@gmail.com,Actif
11,Cailloux,Claude,Cailloux.Claude@gmail.com,Actif
12,Cailloux,Edouard,Cailloux.Edouard@gmail.com,Inactif
13,Place,Jean,Jean@gmail.com,Actif
14,Place,Areiane,Areiane@gmail.com,Inactif
15,Place,Younna,Younna@gmail.com,Actif
16,Whyny,Jean,Whyny.Jean@gmail.com,Actif
17,Whyny,Areiane,Whyny.Areiane@gmail.com,Actif
18,Whyny,Younna,Whyny.Younna@gmail.com,Inactif
19,Pierre,Velo,Pierre.Velo@gmail.com,Inactif
20,Pierre,Velo,Pierre.Velo@gmail.com,Inactif
21,Pierre,Train,Pierre.Train@gmail.com,Inactif
22,Pierre,Train,Pierre.Train@gmail.com,Inactif
23,Pierre,Main,Pierre.Main@gmail.com,Inactif
24,Pierre,Main,Pierre.Main@gmail.com,Inactif
25,Pierre,Pain,Pierre.Pain@gmail.com,Inactif
26,Pierre,Pain,Pierre.Pain@gmail.com,Inactif
